epoch,lr,train_loss,epoch_seconds,SET14_psnr,SET14_ssim
1,0.001,0.0755006183277477,1.2408087253570557,,
2,0.001,0.07413937286897139,0.13901615142822266,,
3,0.001,0.07347208803350275,0.1289663314819336,,
4,0.001,0.07253254543651234,0.13416767120361328,,
5,0.001,0.07174296270717274,0.13804388046264648,,
6,0.001,0.07059730182994496,0.12984180450439453,,
7,0.001,0.06949074159968983,0.13589859008789062,,
8,0.001,0.06905212727459994,0.11192965507507324,,
9,0.001,0.06872300668196245,0.12368440628051758,,
10,0.001,0.06814421306956898,0.1264791488647461,11.394973754882812,0.22256802022457123
11,0.001,0.06720970977436412,0.126206636428833,,
12,0.001,0.06653338670730591,0.12623977661132812,,
13,0.001,0.064870070327412,0.12910223007202148,,
14,0.001,0.06315481662750244,0.12809419631958008,,
15,0.001,0.06204156442122026,0.12200284004211426,,
16,0.001,0.056641307744112884,0.14234662055969238,,
17,0.001,0.04572065310044722,0.16101670265197754,,
18,0.001,0.03935247930613431,0.14170432090759277,,
19,0.001,0.03913483836434104,0.15239548683166504,,
20,0.001,0.035144264047796074,0.1196892261505127,13.012248357137045,0.26145831247170764
21,0.001,0.03355301239273765,0.11730027198791504,,
22,0.001,0.032997123219750145,0.1267545223236084,,
23,0.001,0.031578210267153656,0.12203311920166016,,
24,0.001,0.03060640259222551,0.1264934539794922,,
25,0.001,0.0294900428165089,0.14070796966552734,,
26,0.0005,0.02864036505872553,0.1250152587890625,,
27,0.0005,0.027713561599904842,0.14165997505187988,,
28,0.0005,0.02690522237257524,0.1258387565612793,,
29,0.0005,0.026211291551589966,0.13067865371704102,,
30,0.0005,0.02293449640274048,0.12081003189086914,13.974223136901855,0.2874069760243098
31,0.0005,0.017777124589139767,0.13406825065612793,,
32,0.0005,0.015349683436480436,0.1260676383972168,,
33,0.0005,0.013964762741869146,0.1281719207763672,,
34,0.0005,0.01347340237010609,0.1505589485168457,,
35,0.0005,0.013229991902004589,0.12116312980651855,,
36,0.0005,0.012798179279674183,0.14994072914123535,,
37,0.0005,0.01266327364878221,0.1459813117980957,,
38,0.0005,0.012610615654425188,0.12681818008422852,,
39,0.0005,0.012098613110455599,0.12882232666015625,,
40,0.0005,0.011907253753055225,0.14676141738891602,14.793167114257812,0.3161999583244324
41,0.0005,0.012239580804651434,0.11755609512329102,,
42,0.0005,0.0121590562842109,0.1288745403289795,,
43,0.0005,0.012009501457214355,0.12869548797607422,,
44,0.0005,0.011865071275017479,0.14222240447998047,,
45,0.0005,0.0115496272390539,0.14234280586242676,,
46,0.0005,0.011315454813567076,0.12633013725280762,,
47,0.0005,0.011137505823915655,0.12721037864685059,,
48,0.0005,0.011005858128721064,0.11961245536804199,,
49,0.0005,0.010902403430505232,0.13224554061889648,,
50,0.0005,0.010925696654753252,0.12653732299804688,15.123946825663248,0.33296923836072284
51,0.00025,0.010973483324050903,0.1334381103515625,,
52,0.00025,0.010739491067149422,0.12339925765991211,,
53,0.00025,0.010629042305729607,0.13019061088562012,,
54,0.00025,0.010445359755646099,0.1275334358215332,,
55,0.00025,0.010423573580655184,0.12847113609313965,,
56,0.00025,0.010312127796086397,0.12364339828491211,,
57,0.00025,0.010330330241810192,0.15455269813537598,,
58,0.00025,0.010230264880440453,0.16884827613830566,,
59,0.00025,0.010118764909830961,0.13577747344970703,,
60,0.00025,0.010179252787069841,0.12637948989868164,15.374087969462076,0.34463751316070557
61,0.00025,0.01019599424167113,0.12195444107055664,,
62,0.00025,0.010077884251421148,0.1221930980682373,,
63,0.00025,0.00994319807399403,0.13332366943359375,,
64,0.00025,0.00986012410033833,0.14212465286254883,,
65,0.00025,0.009878597476265648,0.14198589324951172,,
66,0.00025,0.009806229309602217,0.1303400993347168,,
67,0.00025,0.009667514400048689,0.1225745677947998,,
68,0.00025,0.00966530970551751,0.1262507438659668,,
69,0.00025,0.00958069142970172,0.14460515975952148,,
70,0.00025,0.009513309056108648,0.12710928916931152,15.6227814356486,0.3530517915884654
71,0.00025,0.00947357714176178,0.13338708877563477,,
72,0.00025,0.009405346756631678,0.12373638153076172,,
73,0.00025,0.009420298717238686,0.13030791282653809,,
74,0.00025,0.009405815465883776,0.12700748443603516,,
75,0.00025,0.009293190457604149,0.14130568504333496,,
76,0.000125,0.009226671674034813,0.1466059684753418,,
77,0.000125,0.009125277400016785,0.12984132766723633,,
78,0.000125,0.009099683978340843,0.13616156578063965,,
79,0.000125,0.009060827845876867,0.13764524459838867,,
80,0.000125,0.009027778424999931,0.13805317878723145,15.787287076314291,0.3578782379627228
81,0.000125,0.009004648436199535,0.12961030006408691,,
82,0.000125,0.008990148251706903,0.12639737129211426,,
83,0.000125,0.00896249914711172,0.1314983367919922,,
84,0.000125,0.008947363631291822,0.1426677703857422,,
85,0.000125,0.00892037966034629,0.12754154205322266,,
86,0.000125,0.00888585163788362,0.13205981254577637,,
87,0.000125,0.008852133696729486,0.12363457679748535,,
88,0.000125,0.008855021812699058,0.1263904571533203,,
89,0.000125,0.008840380744500593,0.13443970680236816,,
90,0.000125,0.008797368542714552,0.12839579582214355,15.893601099650065,0.3607647120952606
91,0.000125,0.008769366551529278,0.14180350303649902,,
92,0.000125,0.008770613507790999,0.12924456596374512,,
93,0.000125,0.008720009164376692,0.12130284309387207,,
94,0.000125,0.008710030127655376,0.13519763946533203,,
95,0.000125,0.008704702285203066,0.1318824291229248,,
96,0.000125,0.008670162070881237,0.15752148628234863,,
97,0.000125,0.008631510490720922,0.16315460205078125,,
98,0.000125,0.008608676493167877,0.1533510684967041,,
99,0.000125,0.008598345247181978,0.15015220642089844,,
100,0.000125,0.008569421415979212,0.12397575378417969,15.96641731262207,0.3646371364593506
101,6.25e-05,0.008565664291381836,0.13162994384765625,,
102,6.25e-05,0.008527442812919617,0.13624167442321777,,
103,6.25e-05,0.008527527478608217,0.12531542778015137,,
104,6.25e-05,0.008486093445257708,0.13323354721069336,,
105,6.25e-05,0.008473042737353931,0.14328980445861816,,
106,6.25e-05,0.008467322046106512,0.1257948875427246,,
107,6.25e-05,0.008445978164672852,0.14104485511779785,,
108,6.25e-05,0.0084401782263409,0.12326526641845703,,
109,6.25e-05,0.008430937474424189,0.13865971565246582,,
110,6.25e-05,0.008423709733919664,0.12636137008666992,16.05228328704834,0.3664990961551666
111,6.25e-05,0.008421571417288347,0.12586307525634766,,
112,6.25e-05,0.008403100750663063,0.13195276260375977,,
113,6.25e-05,0.008391984484412453,0.12713241577148438,,
114,6.25e-05,0.008376634256406263,0.13759255409240723,,
115,6.25e-05,0.008379282599145716,0.1505265235900879,,
116,6.25e-05,0.008381258357654919,0.1477046012878418,,
117,6.25e-05,0.008368848399682478,0.12681961059570312,,
118,6.25e-05,0.008337419818748127,0.1218414306640625,,
119,6.25e-05,0.00833121348511089,0.127547025680542,,
120,6.25e-05,0.008338193324479189,0.128662109375,16.093865394592285,0.36800357699394226
121,6.25e-05,0.008327644657004963,0.13559508323669434,,
122,6.25e-05,0.008309819481589577,0.1332545280456543,,
123,6.25e-05,0.008305462923916903,0.12697935104370117,,
124,6.25e-05,0.008282767100767656,0.12724947929382324,,
125,6.25e-05,0.008263144303451885,0.1429896354675293,,
126,3.125e-05,0.008250407874584198,0.1358623504638672,,
127,3.125e-05,0.008250188421119343,0.14566612243652344,,
128,3.125e-05,0.008239992640235207,0.12836909294128418,,
129,3.125e-05,0.008233680643818596,0.13280534744262695,,
130,3.125e-05,0.008232707327062433,0.12253308296203613,16.12742551167806,0.36910800139109295
131,3.125e-05,0.008223620328036222,0.14284110069274902,,
132,3.125e-05,0.00822233340956948,0.12992191314697266,,
133,3.125e-05,0.00821647589856928,0.13891386985778809,,
134,3.125e-05,0.008210899477655237,0.1375288963317871,,
135,3.125e-05,0.008202514187856154,0.15143227577209473,,
136,3.125e-05,0.008200369775295258,0.1456747055053711,,
137,3.125e-05,0.008198961615562439,0.15233969688415527,,
138,3.125e-05,0.008191182532093742,0.13571858406066895,,
139,3.125e-05,0.00818778100338849,0.12327337265014648,,
140,3.125e-05,0.00818102332678708,0.13048958778381348,16.149259249369305,0.3697642385959625
141,3.125e-05,0.008177707141095942,0.11826658248901367,,
142,3.125e-05,0.008171399208632383,0.15022659301757812,,
143,3.125e-05,0.008166060528971932,0.12427902221679688,,
144,3.125e-05,0.008162390779365192,0.12910962104797363,,
145,3.125e-05,0.008156468922441656,0.15551161766052246,,
146,3.125e-05,0.008160991424863989,0.13275694847106934,,
147,3.125e-05,0.008148865266279741,0.12736058235168457,,
148,3.125e-05,0.008154702457514677,0.14478754997253418,,
149,3.125e-05,0.008140265264294365,0.12969493865966797,,
150,3.125e-05,0.008132521401752125,0.12338852882385254,16.17388916015625,0.3705589771270752
151,1.5625e-05,0.008129016919569536,0.15172815322875977,,
152,1.5625e-05,0.008125800300728191,0.12339234352111816,,
153,1.5625e-05,0.008121061054143038,0.13030147552490234,,
154,1.5625e-05,0.008119101551446047,0.1398627758026123,,
155,1.5625e-05,0.00811821764165705,0.1581885814666748,,
156,1.5625e-05,0.008112861351533369,0.1273059844970703,,
157,1.5625e-05,0.008111421357501637,0.12486386299133301,,
158,1.5625e-05,0.008108013055541298,0.12557435035705566,,
159,1.5625e-05,0.008105991916223005,0.12624120712280273,,
160,1.5625e-05,0.008105956017971039,0.12627601623535156,16.18089230855306,0.3709470331668854
161,1.5625e-05,0.008104096082123842,0.12581706047058105,,
162,1.5625e-05,0.008099887858737598,0.14116668701171875,,
163,1.5625e-05,0.008097308603200045,0.12839055061340332,,
164,1.5625e-05,0.008094498379663988,0.14124536514282227,,
165,1.5625e-05,0.008091969246214087,0.12996435165405273,,
166,1.5625e-05,0.008088499984957954,0.1230611801147461,,
167,1.5625e-05,0.008086990226398815,0.1309521198272705,,
168,1.5625e-05,0.00808612121777101,0.12702226638793945,,
169,1.5625e-05,0.008084853941744024,0.12949705123901367,,
170,1.5625e-05,0.00808089023286646,0.12580299377441406,16.193222363789875,0.3713955879211426
171,1.5625e-05,0.00807703286409378,0.12499356269836426,,
172,1.5625e-05,0.008075212890451605,0.1548786163330078,,
173,1.5625e-05,0.008072656663981352,0.13940095901489258,,
174,1.5625e-05,0.008069704202088442,0.14078450202941895,,
175,1.5625e-05,0.008068343455141241,0.14928793907165527,,
176,7.8125e-06,0.008065235885706816,0.14923691749572754,,
177,7.8125e-06,0.008062482557513496,0.14813852310180664,,
178,7.8125e-06,0.008062462237748232,0.13308072090148926,,
179,7.8125e-06,0.008060783825137398,0.13489103317260742,,
180,7.8125e-06,0.008059505711902271,0.13203191757202148,16.20114580790202,0.37162837386131287
181,7.8125e-06,0.00805836712772196,0.13932085037231445,,
182,7.8125e-06,0.0080568174069578,0.14237070083618164,,
183,7.8125e-06,0.008057208901101892,0.11494183540344238,,
184,7.8125e-06,0.008054574104872618,0.13244318962097168,,
185,7.8125e-06,0.008053032512014563,0.1276686191558838,,
186,7.8125e-06,0.008052662014961243,0.13541460037231445,,
187,7.8125e-06,0.008050217547199943,0.14190459251403809,,
188,7.8125e-06,0.008049767803062092,0.1499488353729248,,
189,7.8125e-06,0.008048525588078932,0.13046622276306152,,
190,7.8125e-06,0.008047586137598211,0.1455550193786621,16.20704936981201,0.3718181649843852
191,7.8125e-06,0.008045724169774488,0.12861943244934082,,
192,7.8125e-06,0.008044408803636377,0.13482952117919922,,
193,7.8125e-06,0.008043164556676691,0.14931845664978027,,
194,7.8125e-06,0.008041899312626232,0.14508366584777832,,
195,7.8125e-06,0.008041309362108057,0.12881183624267578,,
196,7.8125e-06,0.008040416647087444,0.13316822052001953,,
197,7.8125e-06,0.00803938169370998,0.13871502876281738,,
198,7.8125e-06,0.008037208833477714,0.12704753875732422,,
199,7.8125e-06,0.008035771548748016,0.12670207023620605,,
200,7.8125e-06,0.008035144345326857,0.12633132934570312,16.21372922261556,0.3721470534801483
201,3.90625e-06,0.008032827892086723,0.12731075286865234,,
202,3.90625e-06,0.00803197513927113,0.14269185066223145,,
203,3.90625e-06,0.008031681180000305,0.134782075881958,,
204,3.90625e-06,0.008030598136511717,0.14356756210327148,,
205,3.90625e-06,0.008030410517345776,0.14327192306518555,,
206,3.90625e-06,0.008029817857525566,0.14301085472106934,,
207,3.90625e-06,0.008028912950645794,0.13874340057373047,,
208,3.90625e-06,0.008028284392573616,0.1214454174041748,,
209,3.90625e-06,0.008027342232790861,0.12660861015319824,,
210,3.90625e-06,0.008027455346150831,0.15465784072875977,16.21561113993327,0.37218428651491803
211,3.90625e-06,0.008026990700851788,0.15761733055114746,,
212,3.90625e-06,0.008025501262057911,0.14093613624572754,,
213,3.90625e-06,0.008024771782484922,0.1572120189666748,,
214,3.90625e-06,0.008024204183708538,0.14586305618286133,,
215,3.90625e-06,0.008023843169212341,0.1457993984222412,,
216,3.90625e-06,0.008023432032628492,0.12691020965576172,,
217,3.90625e-06,0.008022646335038271,0.12772607803344727,,
218,3.90625e-06,0.008021666245027021,0.12665724754333496,,
219,3.90625e-06,0.008020906285806135,0.13448476791381836,,
220,3.90625e-06,0.008020424030043861,0.14038920402526855,16.218087514241535,0.37233272194862366
221,3.90625e-06,0.008019480515610088,0.13232779502868652,,
222,3.90625e-06,0.008019468323750929,0.13501667976379395,,
223,3.90625e-06,0.008019383658062328,0.12452244758605957,,
224,3.90625e-06,0.008018107576803728,0.11722517013549805,,
225,3.90625e-06,0.008017214184457605,0.13200664520263672,,
226,1.953125e-06,0.008016344498504292,0.13435149192810059,,
227,1.953125e-06,0.008015778931704435,0.1430037021636963,,
228,1.953125e-06,0.008015468716621399,0.1409163475036621,,
229,1.953125e-06,0.008015195077115839,0.12816834449768066,,
230,1.953125e-06,0.008015042001550848,0.16512608528137207,16.221813837687176,0.37244511644045514
231,1.953125e-06,0.008014515042304993,0.14601516723632812,,
232,1.953125e-06,0.008014091713861986,0.14223217964172363,,
233,1.953125e-06,0.008013765920292248,0.13190913200378418,,
234,1.953125e-06,0.008013421838933771,0.1418159008026123,,
235,1.953125e-06,0.008013247766278007,0.14164090156555176,,
236,1.953125e-06,0.00801289284771139,0.14868831634521484,,
237,1.953125e-06,0.008012455972758207,0.1262826919555664,,
238,1.953125e-06,0.008012083443728361,0.1502537727355957,,
239,1.953125e-06,0.008011788807132027,0.12439632415771484,,
240,1.953125e-06,0.00801147994670001,0.13988041877746582,16.222927729288738,0.37251949310302734
241,1.953125e-06,0.008011070842092688,0.13135004043579102,,
242,1.953125e-06,0.008010691539807753,0.1371784210205078,,
243,1.953125e-06,0.008010319010777906,0.12935328483581543,,
244,1.953125e-06,0.008009978316046974,0.12283968925476074,,
245,1.953125e-06,0.008009876717220654,0.1396627426147461,,
246,1.953125e-06,0.008009259673682127,0.13896846771240234,,
247,1.953125e-06,0.008008984679525549,0.1267380714416504,,
248,1.953125e-06,0.008008913560347124,0.12598085403442383,,
249,1.953125e-06,0.008008226752281189,0.1279001235961914,,
250,1.953125e-06,0.008007900281385942,0.1300497055053711,16.224844932556152,0.37257762749989826
251,9.765625e-07,0.008007429540157318,0.14841771125793457,,
252,9.765625e-07,0.008007269691337238,0.15246915817260742,,
253,9.765625e-07,0.00800717147913846,0.1503610610961914,,
254,9.765625e-07,0.008006928996606306,0.13036775588989258,,
255,9.765625e-07,0.008006800304759632,0.13227367401123047,,
256,9.765625e-07,0.008006609976291656,0.1322634220123291,,
257,9.765625e-07,0.008006441322239962,0.12996721267700195,,
258,9.765625e-07,0.008006228642030195,0.1333756446838379,,
259,9.765625e-07,0.00800607759844173,0.1361839771270752,,
260,9.765625e-07,0.008005879819393158,0.141923189163208,16.225701649983723,0.3726172645886739
261,9.765625e-07,0.008005647496743635,0.12154698371887207,,
262,9.765625e-07,0.008005507290363312,0.13649439811706543,,
263,9.765625e-07,0.008005373857238075,0.1279921531677246,,
264,9.765625e-07,0.008005185560746626,0.1291806697845459,,
265,9.765625e-07,0.008005020293322477,0.1472325325012207,,
266,9.765625e-07,0.008004891601475802,0.12936997413635254,,
267,9.765625e-07,0.008004570549184626,0.14291763305664062,,
268,9.765625e-07,0.0080044994300062,0.13223791122436523,,
269,9.765625e-07,0.008004275912588293,0.14238834381103516,,
270,9.765625e-07,0.008004324002699419,0.1522068977355957,16.226709365844727,0.372659295797348
271,9.765625e-07,0.008003856648098339,0.1334517002105713,,
272,9.765625e-07,0.008003606714985588,0.14482927322387695,,
273,9.765625e-07,0.008003482087091967,0.13536500930786133,,
274,9.765625e-07,0.008003340526060625,0.12376737594604492,,
275,9.765625e-07,0.008003133941780437,0.14251255989074707,,
276,4.8828125e-07,0.008002920584245161,0.1350560188293457,,
277,4.8828125e-07,0.008002800020304594,0.12388420104980469,,
278,4.8828125e-07,0.008002686906944622,0.13341736793518066,,
279,4.8828125e-07,0.008002578534863213,0.12679433822631836,,
280,4.8828125e-07,0.00800249454650012,0.12981438636779785,16.22708543141683,0.37267698844273883
281,4.8828125e-07,0.008002474226734856,0.12015914916992188,,
282,4.8828125e-07,0.008002304218032143,0.14010143280029297,,
283,4.8828125e-07,0.008002318441867828,0.1280064582824707,,
284,4.8828125e-07,0.008002143014561047,0.13648581504821777,,
285,4.8828125e-07,0.008002049543640831,0.12620019912719727,,
286,4.8828125e-07,0.008001966232603247,0.11859869956970215,,
287,4.8828125e-07,0.008001878180287102,0.12017560005187988,,
288,4.8828125e-07,0.008001779968088324,0.14165115356445312,,
289,4.8828125e-07,0.008001639761708,0.14237713813781738,,
290,4.8828125e-07,0.008001560514623468,0.15645623207092285,16.227383295694988,0.3726917505264282
291,4.8828125e-07,0.008001460270448164,0.1493535041809082,,
292,4.8828125e-07,0.008001400665803389,0.15679550170898438,,
293,4.8828125e-07,0.008001304485581139,0.1271200180053711,,
294,4.8828125e-07,0.008001198822801764,0.13341116905212402,,
295,4.8828125e-07,0.008001065389676527,0.12782740592956543,,
296,4.8828125e-07,0.008001043037934736,0.12467598915100098,,
297,4.8828125e-07,0.008000890639695253,0.1271531581878662,,
298,4.8828125e-07,0.008000774139707739,0.13561153411865234,,
299,4.8828125e-07,0.008000698279250752,0.13633489608764648,,
300,4.8828125e-07,0.008000624450770292,0.13160204887390137,16.22787094116211,0.3727039595444997
