sigma_lr,sigma_hr,model,psnr,ssim
0.0,0.0,bicubic,23.540166053771973,0.6177600982785225
0.0,0.0,ours,24.582014408111572,0.6754824596643448
0.25,1.0,bicubic,23.269619607925414,0.6014771193265915
0.25,1.0,ours,24.43105390548706,0.6602797660231591
0.5,2.0,bicubic,22.62272584915161,0.5642426174879074
0.5,2.0,ours,23.519099473953247,0.6091082090139389
0.75,3.0,bicubic,21.912762222290038,0.5264341633021832
0.75,3.0,ours,22.412080001831054,0.5509065356850624
1.0,4.0,bicubic,21.288956537246705,0.49698289901018144
1.0,4.0,ours,21.556822843551636,0.5087398263812065
