epoch,lr,train_loss,epoch_seconds,BSD300_psnr,BSD300_ssim
1,0.001,0.03003318786621094,4.822502851486206,,
2,0.001,0.012792592048645019,3.2056167125701904,,
3,0.001,0.008573672771453857,2.854959487915039,,
4,0.001,0.008041593432426452,3.0885605812072754,,
5,0.001,0.0073665201663970946,2.840179204940796,,
6,0.001,0.0064658522605896,3.0379059314727783,,
7,0.001,0.006890089511871338,3.210343837738037,,
8,0.001,0.0061256539821624755,2.9833550453186035,,
9,0.001,0.005491820573806763,3.086634874343872,,
10,0.001,0.005132506489753723,3.3028671741485596,23.530626239776613,0.6469465792179108
11,0.001,0.005147509574890137,3.3124337196350098,,
12,0.001,0.005005325675010681,3.240170478820801,,
13,0.001,0.005508166551589966,3.388096332550049,,
14,0.001,0.005314605236053467,3.047826051712036,,
15,0.001,0.00493977278470993,2.9739601612091064,,
16,0.001,0.0050097090005874634,2.851879358291626,,
17,0.001,0.005170103907585144,3.704698085784912,,
18,0.001,0.005499848127365112,4.087174654006958,,
19,0.001,0.0050762158632278445,4.382433891296387,,
20,0.001,0.004893473982810974,3.872161865234375,23.69135814666748,0.6584037813544273
21,0.001,0.004850478172302246,4.235924005508423,,
22,0.001,0.00523735523223877,3.3621959686279297,,
23,0.001,0.00480993241071701,3.4595179557800293,,
24,0.001,0.004797423779964447,3.7047321796417236,,
25,0.001,0.004832723736763,3.686744451522827,,
26,0.0005,0.004543175995349884,3.6256937980651855,,
27,0.0005,0.0045023724436759945,4.003924369812012,,
28,0.0005,0.004489526152610779,4.150346994400024,,
29,0.0005,0.004490080773830413,4.232825517654419,,
30,0.0005,0.004596975445747375,3.5269486904144287,24.16216047286987,0.6634385600686074
31,0.0005,0.0044798323512077335,4.294682264328003,,
32,0.0005,0.0045407736301422115,3.676673412322998,,
33,0.0005,0.004500700831413269,3.7768542766571045,,
34,0.0005,0.004509817659854889,3.6893362998962402,,
35,0.0005,0.004484702348709107,3.2958168983459473,,
36,0.0005,0.004542182683944702,3.4435067176818848,,
37,0.0005,0.0044939351081848145,3.520439863204956,,
38,0.0005,0.004507353603839874,3.321563482284546,,
39,0.0005,0.004523420035839081,3.5303287506103516,,
40,0.0005,0.0044785520434379575,3.542417287826538,23.940636863708495,0.6619239664077758
41,0.0005,0.0045388731360435485,3.70135498046875,,
42,0.0005,0.004537374079227448,3.928558588027954,,
43,0.0005,0.004553583562374115,3.402381420135498,,
44,0.0005,0.004608232975006104,3.4099466800689697,,
45,0.0005,0.0044282272458076475,3.479398250579834,,
46,0.0005,0.004502072334289551,3.3915576934814453,,
47,0.0005,0.0044590973854064945,3.5893006324768066,,
48,0.0005,0.004418925046920776,3.2806196212768555,,
49,0.0005,0.00447760283946991,3.257643699645996,,
50,0.0005,0.0044254794716835025,3.581380844116211,24.310137004852294,0.6667710354924202
51,0.00025,0.004327614307403565,3.8609201908111572,,
52,0.00025,0.004317336678504944,3.915259838104248,,
53,0.00025,0.004326503872871399,3.328735828399658,,
54,0.00025,0.004312212169170379,3.297386884689331,,
55,0.00025,0.0043109354376792905,3.5164554119110107,,
56,0.00025,0.004337135553359985,3.3604485988616943,,
57,0.00025,0.004320226907730103,3.4254376888275146,,
58,0.00025,0.0043183514475822445,4.0610129833221436,,
59,0.00025,0.0043121474981307984,3.3501837253570557,,
60,0.00025,0.004303950071334839,3.3871614933013916,24.383634910583496,0.669098245203495
61,0.00025,0.004292997121810913,3.184516429901123,,
62,0.00025,0.004343134760856629,3.8613715171813965,,
63,0.00025,0.00430565744638443,3.8567087650299072,,
64,0.00025,0.004324686527252197,5.117675065994263,,
65,0.00025,0.004297119379043579,4.9423277378082275,,
66,0.00025,0.004288277924060822,3.0451302528381348,,
67,0.00025,0.004277292191982269,2.775791645050049,,
68,0.00025,0.004287968277931213,2.993696689605713,,
69,0.00025,0.004284983277320862,3.0088486671447754,,
70,0.00025,0.004291752576828003,3.271012544631958,24.285862655639647,0.669936600625515
71,0.00025,0.0042787730693817135,2.808575391769409,,
72,0.00025,0.004389922320842743,2.839979887008667,,
73,0.00025,0.004280665814876556,3.0353264808654785,,
74,0.00025,0.0042636111378669735,3.996884822845459,,
75,0.00025,0.004288261234760285,2.7759547233581543,,
76,0.000125,0.004235188066959381,2.7828874588012695,,
77,0.000125,0.0042321237921714785,3.431473731994629,,
78,0.000125,0.0042345386743545535,3.8549435138702393,,
79,0.000125,0.004232024848461151,3.0812134742736816,,
80,0.000125,0.004232458770275116,2.965566396713257,24.481334323883058,0.6718106034398079
81,0.000125,0.004229668974876404,2.8563287258148193,,
82,0.000125,0.00422983318567276,2.787454843521118,,
83,0.000125,0.004232525527477264,3.060150146484375,,
84,0.000125,0.0042354646325111385,2.813621759414673,,
85,0.000125,0.004232218563556671,2.6857404708862305,,
86,0.000125,0.004225190877914429,2.807394027709961,,
87,0.000125,0.004224030077457428,2.7945990562438965,,
88,0.000125,0.0042236348986625675,2.7286388874053955,,
89,0.000125,0.004221494197845459,2.86324143409729,,
90,0.000125,0.00422554612159729,2.739919900894165,24.413946990966796,0.6725652351975441
91,0.000125,0.00423394501209259,2.8004403114318848,,
92,0.000125,0.004221854507923126,2.6842455863952637,,
93,0.000125,0.004212186932563782,2.852091073989868,,
94,0.000125,0.004216377139091492,2.848457098007202,,
95,0.000125,0.0042154076695442196,2.7049829959869385,,
96,0.000125,0.00421095997095108,2.934678316116333,,
97,0.000125,0.004210419654846191,2.7237708568573,,
98,0.000125,0.004212992191314697,2.7425079345703125,,
99,0.000125,0.0042080557346344,2.8385891914367676,,
100,0.000125,0.004205706119537353,2.7143001556396484,24.510347900390624,0.6726647901535034
101,6.25e-05,0.004194508790969848,2.8408806324005127,,
102,6.25e-05,0.004192771315574646,2.7518208026885986,,
103,6.25e-05,0.004192023873329163,2.780850648880005,,
104,6.25e-05,0.004191290140151977,2.811105966567993,,
105,6.25e-05,0.004192362725734711,2.692612886428833,,
106,6.25e-05,0.004189809560775757,2.9256627559661865,,
107,6.25e-05,0.004191955626010895,2.6930789947509766,,
108,6.25e-05,0.004193428158760071,2.803687334060669,,
109,6.25e-05,0.004190733432769775,2.7813076972961426,,
110,6.25e-05,0.0041897320747375484,2.7345802783966064,24.537746391296388,0.6737296918034553
111,6.25e-05,0.0041859644651412965,2.7867164611816406,,
112,6.25e-05,0.0041878604888916015,2.7860171794891357,,
113,6.25e-05,0.004186299443244934,2.869849443435669,,
114,6.25e-05,0.004185708463191986,2.827923059463501,,
115,6.25e-05,0.004184215366840363,2.6783807277679443,,
116,6.25e-05,0.0041827717423439026,2.8515689373016357,,
117,6.25e-05,0.0041817957162857055,2.6986825466156006,,
118,6.25e-05,0.004181237816810608,2.8217310905456543,,
119,6.25e-05,0.004180412888526917,2.788440227508545,,
120,6.25e-05,0.004180253446102142,2.691737651824951,24.529957313537597,0.6744452837109566
121,6.25e-05,0.004181012511253357,2.870192289352417,,
122,6.25e-05,0.004178697466850281,2.691555976867676,,
123,6.25e-05,0.004181559085845947,2.8812944889068604,,
124,6.25e-05,0.004177223742008209,2.834959030151367,,
125,6.25e-05,0.004176034033298493,2.700674057006836,,
126,3.125e-05,0.004171789586544037,2.8833703994750977,,
127,3.125e-05,0.004170417487621307,2.7215359210968018,,
128,3.125e-05,0.004170464873313903,2.8167102336883545,,
129,3.125e-05,0.004170264601707458,2.7367093563079834,,
130,3.125e-05,0.0041692093014717106,2.748884439468384,24.553922176361084,0.6749079218506813
131,3.125e-05,0.004170014262199402,2.7822413444519043,,
132,3.125e-05,0.004169350862503052,2.7609341144561768,,
133,3.125e-05,0.004168890118598938,3.052783250808716,,
134,3.125e-05,0.004168277978897095,2.7746057510375977,,
135,3.125e-05,0.004168325960636139,2.690821886062622,,
136,3.125e-05,0.004167720973491669,2.886721611022949,,
137,3.125e-05,0.004167439639568329,2.719679117202759,,
138,3.125e-05,0.004166804254055023,2.8094375133514404,,
139,3.125e-05,0.004166121780872345,2.7776596546173096,,
140,3.125e-05,0.004165691137313843,2.7337350845336914,24.55873104095459,0.6749415084719658
141,3.125e-05,0.004165456295013427,2.8054909706115723,,
142,3.125e-05,0.004165243804454804,2.7382142543792725,,
143,3.125e-05,0.004165720045566559,2.947075605392456,,
144,3.125e-05,0.004164667725563049,2.861196756362915,,
145,3.125e-05,0.0041633924841880795,2.711418867111206,,
146,3.125e-05,0.004164260923862457,2.914151906967163,,
147,3.125e-05,0.004163215756416321,2.781303882598877,,
148,3.125e-05,0.004163199663162231,2.771202564239502,,
149,3.125e-05,0.0041627222299575805,2.8288419246673584,,
150,3.125e-05,0.0041633334755897524,2.711439847946167,24.566032276153564,0.6749736660718918
151,1.5625e-05,0.004159437716007233,2.840510606765747,,
152,1.5625e-05,0.004159453511238098,2.8103084564208984,,
153,1.5625e-05,0.004159218668937683,2.801617383956909,,
154,1.5625e-05,0.004158711135387421,2.827648639678955,,
155,1.5625e-05,0.004158964157104492,2.7322235107421875,,
156,1.5625e-05,0.004158818423748017,2.8277273178100586,,
157,1.5625e-05,0.004158453047275543,2.749382734298706,,
158,1.5625e-05,0.004158354103565216,2.9039499759674072,,
159,1.5625e-05,0.0041578513383865355,2.885434627532959,,
160,1.5625e-05,0.004157905280590057,2.7481632232666016,24.56889669418335,0.6748885929584503
161,1.5625e-05,0.004157364964485168,2.8179824352264404,,
162,1.5625e-05,0.004157467484474182,2.740358829498291,,
163,1.5625e-05,0.00415703296661377,2.7495336532592773,,
164,1.5625e-05,0.004156953394412994,3.0732898712158203,,
165,1.5625e-05,0.004156633615493775,2.69401216506958,,
166,1.5625e-05,0.004156695604324341,2.838063955307007,,
167,1.5625e-05,0.004156099557876587,2.781695604324341,,
168,1.5625e-05,0.004156012237071991,2.708477020263672,,
169,1.5625e-05,0.0041560247540473935,2.7691195011138916,,
170,1.5625e-05,0.004155868887901306,2.702937126159668,24.571359901428224,0.6752204835414887
171,1.5625e-05,0.004155316352844238,2.786332368850708,,
172,1.5625e-05,0.004155220687389374,2.7561967372894287,,
173,1.5625e-05,0.004155179262161255,2.840254545211792,,
174,1.5625e-05,0.004154783487319946,2.8465218544006348,,
175,1.5625e-05,0.004154427349567414,2.6750404834747314,,
176,7.8125e-06,0.004153606295585632,2.860508680343628,,
177,7.8125e-06,0.0041533178091049195,2.680129051208496,,
178,7.8125e-06,0.0041531902551651,2.7171285152435303,,
179,7.8125e-06,0.004153183400630951,2.7746243476867676,,
180,7.8125e-06,0.004152894020080566,2.836413860321045,24.575184650421143,0.6753896278142929
181,7.8125e-06,0.004152868390083313,2.747760057449341,,
182,7.8125e-06,0.004152735471725464,2.7349586486816406,,
183,7.8125e-06,0.004152727425098419,2.8411357402801514,,
184,7.8125e-06,0.004152398407459259,2.822218894958496,,
185,7.8125e-06,0.004152322411537171,2.6880085468292236,,
186,7.8125e-06,0.004152309894561767,2.87676739692688,,
187,7.8125e-06,0.004152227342128754,2.6536684036254883,,
188,7.8125e-06,0.004152157008647918,2.816269874572754,,
189,7.8125e-06,0.0041519030928611755,2.817533016204834,,
190,7.8125e-06,0.004151824116706848,2.730020046234131,24.5764760017395,0.6751807850599288
191,7.8125e-06,0.004151682257652283,2.7601664066314697,,
192,7.8125e-06,0.004151579439640046,2.720669746398926,,
193,7.8125e-06,0.004151756763458252,2.837343215942383,,
194,7.8125e-06,0.0041513901948928835,2.835691452026367,,
195,7.8125e-06,0.004151508808135986,2.7483785152435303,,
196,7.8125e-06,0.00415114164352417,2.8667080402374268,,
197,7.8125e-06,0.004151130020618439,2.6872735023498535,,
198,7.8125e-06,0.004151007831096649,2.757909059524536,,
199,7.8125e-06,0.004150955379009247,2.794851064682007,,
200,7.8125e-06,0.004150916934013367,2.745182991027832,24.57735496520996,0.6753803113102913
201,3.90625e-06,0.004150142669677734,2.7474191188812256,,
202,3.90625e-06,0.004150016605854035,2.733013868331909,,
203,3.90625e-06,0.0041498816013336185,2.8284595012664795,,
204,3.90625e-06,0.004149831235408783,2.785296678543091,,
205,3.90625e-06,0.004149942994117737,2.6936733722686768,,
206,3.90625e-06,0.00414980947971344,2.889317512512207,,
207,3.90625e-06,0.004149666726589203,2.730071544647217,,
208,3.90625e-06,0.00414970725774765,2.743617057800293,,
209,3.90625e-06,0.004149573445320129,2.812466621398926,,
210,3.90625e-06,0.0041495516896247866,2.802469253540039,24.57934684753418,0.6753299644589424
211,3.90625e-06,0.004149459898471832,2.803539276123047,,
212,3.90625e-06,0.004149508178234101,2.6406400203704834,,
213,3.90625e-06,0.004149425029754639,2.846965789794922,,
214,3.90625e-06,0.004149361848831177,2.770946741104126,,
215,3.90625e-06,0.004149288237094879,2.7011165618896484,,
216,3.90625e-06,0.004149285852909088,2.840979814529419,,
217,3.90625e-06,0.004149178564548492,2.678570032119751,,
218,3.90625e-06,0.004149103462696075,2.776252508163452,,
219,3.90625e-06,0.004149115979671479,2.7755463123321533,,
220,3.90625e-06,0.004149048328399658,2.7974228858947754,24.579416732788086,0.6753437384963036
221,3.90625e-06,0.0041489946842193605,2.787048101425171,,
222,3.90625e-06,0.00414892166852951,2.672429323196411,,
223,3.90625e-06,0.004148832559585571,2.8532297611236572,,
224,3.90625e-06,0.004148855209350586,2.8225080966949463,,
225,3.90625e-06,0.004148870408535003,2.7091691493988037,,
226,1.953125e-06,0.004148358106613159,2.8337204456329346,,
227,1.953125e-06,0.00414837509393692,2.733250617980957,,
228,1.953125e-06,0.004148364365100861,2.7379302978515625,,
229,1.953125e-06,0.004148308932781219,2.7270703315734863,,
230,1.953125e-06,0.00414831280708313,2.8610575199127197,24.58050407409668,0.6754471531510353
231,1.953125e-06,0.004148252606391907,3.148361921310425,,
232,1.953125e-06,0.0041482201218605045,2.7434818744659424,,
233,1.953125e-06,0.0041482049226760865,3.265791654586792,,
234,1.953125e-06,0.004148159921169281,2.7758007049560547,,
235,1.953125e-06,0.004148172438144684,3.2066783905029297,,
236,1.953125e-06,0.004148123860359192,2.908625602722168,,
237,1.953125e-06,0.0041481080651283265,2.830700397491455,,
238,1.953125e-06,0.004148043990135193,2.772343635559082,,
239,1.953125e-06,0.004148062169551849,2.9309844970703125,,
240,1.953125e-06,0.004148002564907074,2.7859437465667725,24.581152038574217,0.6754390147328376
241,1.953125e-06,0.004147962927818299,2.7278635501861572,,
242,1.953125e-06,0.004147933125495911,2.8274753093719482,,
243,1.953125e-06,0.004147880375385284,2.8310630321502686,,
244,1.953125e-06,0.004147868752479553,2.86991548538208,,
245,1.953125e-06,0.0041478735208511355,2.6687092781066895,,
246,1.953125e-06,0.004147832989692688,2.947009563446045,,
247,1.953125e-06,0.0041478022933006285,2.7992899417877197,,
248,1.953125e-06,0.004147784411907196,2.7545759677886963,,
249,1.953125e-06,0.004147753715515136,2.909789562225342,,
250,1.953125e-06,0.004147693514823914,2.706627368927002,24.581223163604736,0.6754459545016289
251,9.765625e-07,0.004147541522979736,2.7447896003723145,,
252,9.765625e-07,0.004147534072399139,2.8571560382843018,,
253,9.765625e-07,0.00414749413728714,2.6855056285858154,,
254,9.765625e-07,0.004147496223449707,2.8433642387390137,,
255,9.765625e-07,0.004147489964962006,2.726544141769409,,
256,9.765625e-07,0.004147476553916931,2.9288928508758545,,
257,9.765625e-07,0.0041474449634552,2.7727365493774414,,
258,9.765625e-07,0.004147433936595917,2.6636297702789307,,
259,9.765625e-07,0.00414743185043335,2.877413034439087,,
260,9.765625e-07,0.004147391021251679,2.728627920150757,24.581590213775634,0.675484647154808
261,9.765625e-07,0.004147372841835022,2.714834213256836,,
262,9.765625e-07,0.004147374629974365,2.859191417694092,,
263,9.765625e-07,0.0041473755240440365,2.731841564178467,,
264,9.765625e-07,0.004147338569164276,2.809554100036621,,
265,9.765625e-07,0.004147319197654724,2.769101142883301,,
266,9.765625e-07,0.00414728194475174,2.860102415084839,,
267,9.765625e-07,0.004147298038005829,2.78299617767334,,
268,9.765625e-07,0.004147261381149292,2.6862571239471436,,
269,9.765625e-07,0.004147282242774964,2.8614680767059326,,
270,9.765625e-07,0.004147277772426605,2.706007242202759,24.581679306030274,0.6754731521010399
271,9.765625e-07,0.004147251844406128,2.815045118331909,,
272,9.765625e-07,0.004147219061851501,2.810300827026367,,
273,9.765625e-07,0.004147222340106964,2.751157760620117,,
274,9.765625e-07,0.004147211015224457,2.8130292892456055,,
275,9.765625e-07,0.004147169291973114,2.7026479244232178,,
276,4.8828125e-07,0.004147089421749115,2.88308048248291,,
277,4.8828125e-07,0.0041470760107040405,2.8429458141326904,,
278,4.8828125e-07,0.004147084057331085,2.733952283859253,,
279,4.8828125e-07,0.00414706438779831,3.0836684703826904,,
280,4.8828125e-07,0.00414706289768219,2.784701108932495,24.581947479248047,0.675482948422432
281,4.8828125e-07,0.004147053360939026,2.715461015701294,,
282,4.8828125e-07,0.004147049486637116,2.8472142219543457,,
283,4.8828125e-07,0.004147024154663086,2.7801120281219482,,
284,4.8828125e-07,0.004147048890590668,2.8575961589813232,,
285,4.8828125e-07,0.004147037267684937,2.739793300628662,,
286,4.8828125e-07,0.00414702981710434,2.815110445022583,,
287,4.8828125e-07,0.004147008359432221,2.762659788131714,,
288,4.8828125e-07,0.0041470125317573546,2.6727652549743652,,
289,4.8828125e-07,0.004147001206874847,2.845576286315918,,
290,4.8828125e-07,0.004146988391876221,2.791403293609619,24.581985187530517,0.6755073145031929
291,4.8828125e-07,0.004146984219551087,2.705333948135376,,
292,4.8828125e-07,0.004146993458271027,2.8497467041015625,,
293,4.8828125e-07,0.004146962761878968,2.73321533203125,,
294,4.8828125e-07,0.004146964251995087,2.813929796218872,,
295,4.8828125e-07,0.004146943092346192,2.6989479064941406,,
296,4.8828125e-07,0.0041469594836235045,2.8772192001342773,,
297,4.8828125e-07,0.004146938621997834,2.7709670066833496,,
298,4.8828125e-07,0.004146925210952759,2.730971336364746,,
299,4.8828125e-07,0.00414692223072052,2.905769109725952,,
300,4.8828125e-07,0.004146912693977356,2.6831212043762207,24.582014446258544,0.6754824596643448
