set,images,scale,hr_size,hr_mode,lr_filter,protocol,psnr,ssim,paper_psnr,paper_ssim,d_psnr,d_ssim
BSD300,100,2,224,crop,bilinear,,26.5512,0.7927,26.6538,0.7924,-0.1026,0.0003
BSD300,100,4,224,crop,bilinear,,23.4106,0.6157,23.5053,0.6157,-0.0947,-0.0
BSD300,100,8,224,crop,bilinear,,21.1861,0.4915,21.3115,0.4933,-0.1254,-0.0018
BSD300,100,2,224,crop,bicubic,,27.4194,0.8286,26.6538,0.7924,0.7656,0.0362
BSD300,100,4,224,crop,bicubic,,23.8166,0.6379,23.5053,0.6157,0.3113,0.0222
BSD300,100,8,224,crop,bicubic,,21.487,0.5015,21.3115,0.4933,0.1755,0.0082
BSD300,100,2,224,resize,bilinear,icdar_resize,27.3781,0.8101,26.6538,0.7924,0.7243,0.0177
BSD300,100,4,224,resize,bilinear,icdar_resize,24.0523,0.6353,23.5053,0.6157,0.547,0.0196
BSD300,100,8,224,resize,bilinear,icdar_resize,21.685,0.5066,21.3115,0.4933,0.3735,0.0133
BSD300,100,2,224,resize,bicubic,paper_text,28.2884,0.8443,26.6538,0.7924,1.6346,0.0519
BSD300,100,4,224,resize,bicubic,paper_text,24.4847,0.6581,23.5053,0.6157,0.9794,0.0424
BSD300,100,8,224,resize,bicubic,paper_text,21.9934,0.5167,21.3115,0.4933,0.6819,0.0234
BSD300,100,2,256,crop,bilinear,repo_crop,26.682,0.7938,26.6538,0.7924,0.0282,0.0014
BSD300,100,4,256,crop,bilinear,repo_crop,23.5402,0.6178,23.5053,0.6157,0.0349,0.0021
BSD300,100,8,256,crop,bilinear,repo_crop,21.3418,0.4951,21.3115,0.4933,0.0303,0.0018
BSD300,100,2,256,crop,bicubic,,27.5513,0.8295,26.6538,0.7924,0.8975,0.0371
BSD300,100,4,256,crop,bicubic,,23.9439,0.6398,23.5053,0.6157,0.4386,0.0241
BSD300,100,8,256,crop,bicubic,,21.6383,0.5048,21.3115,0.4933,0.3268,0.0115
BSD300,100,2,256,resize,bilinear,,27.5473,0.8116,26.6538,0.7924,0.8935,0.0192
BSD300,100,4,256,resize,bilinear,,24.2098,0.6376,23.5053,0.6157,0.7045,0.0219
BSD300,100,8,256,resize,bilinear,,21.8673,0.512,21.3115,0.4933,0.5558,0.0187
BSD300,100,2,256,resize,bicubic,,28.4688,0.8458,26.6538,0.7924,1.815,0.0534
BSD300,100,4,256,resize,bicubic,,24.639,0.66,23.5053,0.6157,1.1337,0.0443
BSD300,100,8,256,resize,bicubic,,22.1752,0.5219,21.3115,0.4933,0.8637,0.0286
SET14,3,2,224,crop,bilinear,,24.5113,0.8471,24.4523,0.8482,0.059,-0.0011
SET14,3,4,224,crop,bilinear,,19.7654,0.6084,19.7167,0.6089,0.0487,-0.0005
SET14,3,8,224,crop,bilinear,,16.262,0.3681,16.1132,0.3673,0.1488,0.0008
SET14,3,2,224,crop,bicubic,,26.0051,0.8859,24.4523,0.8482,1.5528,0.0377
SET14,3,4,224,crop,bicubic,,20.5167,0.6464,19.7167,0.6089,0.8,0.0375
SET14,3,8,224,crop,bicubic,,16.6581,0.3866,16.1132,0.3673,0.5449,0.0193
SET14,3,2,224,resize,bilinear,icdar_resize,23.5625,0.8239,24.4523,0.8482,-0.8898,-0.0243
SET14,3,4,224,resize,bilinear,icdar_resize,19.5454,0.5743,19.7167,0.6089,-0.1713,-0.0346
SET14,3,8,224,resize,bilinear,icdar_resize,17.4223,0.3963,16.1132,0.3673,1.3091,0.029
SET14,3,2,224,resize,bicubic,paper_text,24.8126,0.8678,24.4523,0.8482,0.3603,0.0196
SET14,3,4,224,resize,bicubic,paper_text,19.9698,0.6088,19.7167,0.6089,0.2531,-0.0001
SET14,3,8,224,resize,bicubic,paper_text,17.6353,0.4094,16.1132,0.3673,1.5221,0.0421
SET14,3,2,256,crop,bilinear,repo_crop,24.4523,0.8482,24.4523,0.8482,0.0,-0.0
SET14,3,4,256,crop,bilinear,repo_crop,19.7167,0.6089,19.7167,0.6089,-0.0,-0.0
SET14,3,8,256,crop,bilinear,repo_crop,16.1132,0.3673,16.1132,0.3673,-0.0,-0.0
SET14,3,2,256,crop,bicubic,,25.8967,0.8861,24.4523,0.8482,1.4444,0.0379
SET14,3,4,256,crop,bicubic,,20.4699,0.6469,19.7167,0.6089,0.7532,0.038
SET14,3,8,256,crop,bicubic,,16.5001,0.3863,16.1132,0.3673,0.3869,0.019
SET14,3,2,256,resize,bilinear,,24.2657,0.841,24.4523,0.8482,-0.1866,-0.0072
SET14,3,4,256,resize,bilinear,,19.9152,0.5967,19.7167,0.6089,0.1985,-0.0122
SET14,3,8,256,resize,bilinear,,17.6042,0.4117,16.1132,0.3673,1.491,0.0444
SET14,3,2,256,resize,bicubic,,25.648,0.8827,24.4523,0.8482,1.1957,0.0345
SET14,3,4,256,resize,bicubic,,20.3817,0.6317,19.7167,0.6089,0.665,0.0228
SET14,3,8,256,resize,bicubic,,17.8367,0.4252,16.1132,0.3673,1.7235,0.0579
SET14_ALL,14,2,224,crop,bilinear,,27.1942,0.8151,,,,
SET14_ALL,14,4,224,crop,bilinear,,23.5714,0.6469,,,,
SET14_ALL,14,8,224,crop,bilinear,,20.7357,0.5011,,,,
SET14_ALL,14,2,224,crop,bicubic,,28.2364,0.8462,,,,
SET14_ALL,14,4,224,crop,bicubic,,24.1199,0.6706,,,,
SET14_ALL,14,8,224,crop,bicubic,,21.1334,0.513,,,,
SET14_ALL,14,2,224,resize,bilinear,icdar_resize,26.2339,0.8275,,,,
SET14_ALL,14,4,224,resize,bilinear,icdar_resize,22.3625,0.6315,,,,
SET14_ALL,14,8,224,resize,bilinear,icdar_resize,19.7212,0.4726,,,,
SET14_ALL,14,2,224,resize,bicubic,paper_text,27.3135,0.8624,,,,
SET14_ALL,14,4,224,resize,bicubic,paper_text,22.8513,0.6579,,,,
SET14_ALL,14,8,224,resize,bicubic,paper_text,20.0424,0.4842,,,,
SET14_ALL,14,2,256,crop,bilinear,repo_crop,27.108,0.8144,,,,
SET14_ALL,14,4,256,crop,bilinear,repo_crop,23.4796,0.6444,,,,
SET14_ALL,14,8,256,crop,bilinear,repo_crop,20.6401,0.4962,,,,
SET14_ALL,14,2,256,crop,bicubic,,28.1451,0.8457,,,,
SET14_ALL,14,4,256,crop,bicubic,,24.0259,0.6683,,,,
SET14_ALL,14,8,256,crop,bicubic,,21.0287,0.5085,,,,
SET14_ALL,14,2,256,resize,bilinear,,26.6175,0.834,,,,
SET14_ALL,14,4,256,resize,bilinear,,22.695,0.6413,,,,
SET14_ALL,14,8,256,resize,bilinear,,20.0045,0.4858,,,,
SET14_ALL,14,2,256,resize,bicubic,,27.7238,0.8683,,,,
SET14_ALL,14,4,256,resize,bicubic,,23.1966,0.6673,,,,
SET14_ALL,14,8,256,resize,bicubic,,20.3345,0.4977,,,,
